1523, 70032
1523, 81148
1523, 93156
1523, 161146
1523, 161150
1523, 161152
1523, 173224
1523, 185014
1523, 185024
1523, 205034
349, 73658
349, 93920
349, 141826
349, 154012
349, 173936
349, 173944
349, 181932
349, 185904
349, 185908
349, 185920
349, 185932
349, 185936
349, 185946
350, 70400
350, 70402
350, 70406
350, 73450
350, 93622
350, 105550
350, 105550
350, 141532
350, 141536
350, 141550
350, 153724
350, 153730
350, 161554
350, 161556
350, 161558
350, 165516
350, 173618
350, 173620
350, 173624
350, 173626
350, 185534
350, 185536
350, 201642
350, 201648
350, 201650
350, 205430
350, 212050
356, 64740
356, 72036
356, 72038
356, 75214
356, 75218
356, 83230
356, 83236
356, 91400
356, 91410
356, 91412
356, 91420
356, 115124
356, 131340
356, 143228
356, 143230
356, 155140
356, 155144
356, 163148
356, 171356
356, 171402
356, 175234
356, 195414
356, 195424
356, 195426
356, 195428
356, 195438
356, 195444
356, 203144
356, 210736
356, 220724
359, 75626
359, 75628
359, 91802
359, 103516
359, 111924
359, 115406
359, 115410
359, 115422
359, 131642
359, 135550
359, 135554
359, 143508
359, 151706
359, 151708
359, 155432
359, 163546
359, 171654
359, 183412
359, 183414
359, 183418
359, 195650
359, 195654
359, 195656
359, 195658
359, 221018
359, 221022
359, 221028
359, 224228
361, 65234
361, 80004
361, 92030
361, 92032
361, 92034
361, 151938
361, 151942
361, 151944
372, 72702
372, 80332
372, 83832
372, 120102
372, 132230
372, 183916
372, 200334
372, 214644
372, 224644
373, 100526
374, 72828
374, 80428
374, 84008
374, 84010
374, 84012
374, 92456
374, 100242
374, 112656
374, 112700
374, 140346
374, 140350
374, 160034
375, 140630
375, 214626
375, 214628
380, 65922
380, 73214
380, 80824
380, 84328
380, 92850
380, 92850
380, 92852
380, 100612
380, 120654
380, 120700
380, 120720
380, 124452
380, 140818
380, 152712
380, 180500
380, 200812
380, 204314
381, 192300
381, 192302
3891, 64420
3891, 82614
3891, 90612
3891, 114946
3891, 134758
3891, 142712
3891, 142716
3891, 150454
3891, 154946
3891, 154956
3891, 154958
3891, 155006
3891, 155010
3891, 155012
3891, 162840
3891, 174938
3891, 174940
3891, 174944
3891, 182756
3891, 182800
3891, 194750
3891, 194754
3891, 202650
3891, 212928
3891, 212932
3891, 212934
3891, 220316
3891, 223026
3891, 223030
3891, 223034
3891, 223036
3891, 223038
3893, 64806
3893, 64808
3893, 64810
3893, 71746
3893, 71748
3893, 71750
3893, 71752
3893, 71754
3893, 71756
3893, 71800
3893, 74738
3893, 82954
3893, 82956
3893, 90940
3893, 111028
3893, 163218
3894, 71008
3894, 71010
3894, 71014
3894, 74348
3894, 82408
3894, 82410
3894, 82414
3894, 82418
3894, 82420
3894, 82422
3894, 82424
3894, 82428
3894, 85556
3894, 85642
3894, 85644
3894, 114252
3894, 121738
3894, 125528
3894, 145442
3894, 153744
3894, 165618
3894, 181706
3894, 194100
3894, 201814
3894, 205254
3894, 205256
3894, 205300
3894, 205302
3894, 212920
3895, 71148
3895, 74442
3895, 82530
3895, 82546
3895, 82550
3895, 82554
3895, 82556
3895, 94128
3895, 94130
3895, 94150
3895, 94152
3895, 133820
3895, 133822
3895, 161326
3895, 181800
3895, 194148
3895, 201906
3895, 205356
3895, 215944
3896, 82700
3896, 85744
3896, 85750
3896, 85756
3896, 85758
3896, 85814
3896, 94258
3896, 114444
3896, 121918
3896, 125648
3896, 133934
3896, 181910
3896, 185740
3896, 185748
3896, 185752
3896, 194300
3896, 213132
3896, 213142
3896, 213144
3896, 222928
3897, 174254
397, 84116
397, 84120
412, 60730
412, 60732
412, 63836
412, 70802
412, 70804
412, 73854
412, 85900
412, 85902
412, 85906
412, 94102
412, 94104
412, 94106
412, 102044
412, 102050
412, 102052
412, 130048
412, 130052
412, 133956
412, 134008
412, 142026
412, 142030
412, 150006
412, 154240
412, 162042
412, 162048
412, 162050
412, 162054
412, 162056
412, 162100
412, 162102
412, 165902
412, 174204
412, 174208
412, 174210
412, 182144
412, 182148
412, 190120
412, 190124
412, 194004
412, 194006
412, 194016
412, 205748
412, 212436
412, 212438
412, 212446
412, 212458
412, 215900
413, 70910
413, 110206
413, 134110
413, 134116
413, 205834
420, 73920
420, 81916
420, 93530
420, 105040
420, 113814
420, 125138
420, 153336
420, 160902
420, 222426
431, 61930
431, 65250
431, 65254
431, 91532
431, 103556
431, 115828
431, 135622
431, 135626
431, 143516
431, 151218
431, 151220
431, 151222
431, 151234
431, 151238
431, 151240
431, 155924
431, 155936
431, 155938
431, 155940
431, 155944
431, 171026
431, 171034
431, 175754
431, 175814
431, 183620
431, 183624
431, 183626
431, 183630
431, 191600
431, 191608
431, 195444
431, 210844
431, 210848
431, 221038
435, 60216
435, 63402
435, 70222
435, 73320
435, 81454
435, 81506
435, 85150
435, 85154
435, 85202
435, 93444
435, 125434
435, 125436
435, 133342
435, 133346
435, 141328
435, 141330
435, 141332
435, 141332
435, 141334
435, 141338
435, 141340
435, 141342
435, 141346
435, 141348
435, 153540
435, 153542
435, 181426
435, 181428
435, 181430
435, 181442
435, 181444
435, 205236
435, 205238
448, 101414
448, 133458
448, 201556
453, 111406
453, 123134
453, 123138
453, 135426
453, 151028
453, 155714
453, 163512
453, 163514
453, 163514
453, 170834
453, 170838
453, 183428
453, 183430
453, 183434
453, 183436
453, 183440
454, 95700
454, 95704
454, 175422
456, 95344
456, 95346
456, 154922
456, 175138
456, 210212
457, 82018
457, 181404
466, 95146
466, 95216
466, 115202
466, 154802
466, 190542
474, 135300
474, 135302
474, 135304
474, 135308
474, 135318
474, 135324
474, 135326
474, 183330
474, 191338
474, 191346
474, 191350
479, 143758
479, 160210
480, 141240
480, 164958
480, 165000
510, 72928
510, 84804
510, 84808
510, 93030
510, 101030
510, 104844
510, 113028
510, 120946
510, 120950
510, 120954
510, 125028
510, 132956
510, 133018
510, 133028
510, 133032
510, 133034
510, 133046
510, 140942
510, 140950
510, 153014
510, 153018
510, 153020
510, 153022
510, 153024
510, 153030
510, 153138
510, 153142
510, 161014
510, 161020
510, 161028
510, 181026
510, 181028
510, 192942
510, 201102
510, 204944
516, 144604
521, 74814
521, 154220
521, 174444
521, 174446
521, 174450
521, 190120
521, 213354
522, 64316
522, 71330
522, 74318
522, 82448
522, 82454
522, 90508
522, 110628
522, 122518
522, 122520
522, 142534
522, 142600
522, 142602
522, 190658
522, 212834
523, 74902
523, 122250
523, 130024
523, 142732
523, 142738
523, 145914
523, 161650
523, 161652
524, 64226
524, 74230
524, 74234
524, 82338
524, 82348
524, 94352
524, 102536
524, 114724
524, 114728
524, 134516
524, 142422
524, 142424
524, 142430
524, 142432
524, 162640
524, 174704
524, 190556
524, 212750
525, 71032
525, 71034
525, 71036
525, 74040
525, 74056
525, 82122
525, 90102
525, 90112
525, 90116
525, 94252
525, 110328
525, 114520
525, 114530
525, 122220
525, 134222
525, 134226
525, 134230
525, 142230
525, 142232
525, 142236
525, 142238
525, 162442
525, 162446
525, 170032
525, 170034
525, 170036
525, 174458
525, 174504
525, 182400
525, 190358
525, 202342
525, 220032
525, 220034
526, 75044
526, 83248
526, 83312
526, 83316
526, 83318
526, 83320
526, 90454
526, 90512
526, 94842
526, 94846
526, 94848
526, 94900
526, 94904
526, 94906
526, 94910
526, 94916
526, 94918
526, 94922
526, 94924
526, 130216
526, 130220
526, 134508
526, 134510
526, 154520
526, 154526
526, 154532
526, 154532
526, 154536
526, 154542
526, 161850
526, 161852
526, 174754
526, 182436
526, 182444
526, 190328
526, 202524
526, 205950
527, 90602
527, 95030
527, 162030
560, 64122
560, 64128
560, 64132
560, 64136
560, 64138
560, 64140
560, 64144
560, 64144
560, 64148
560, 64150
560, 64152
560, 64154
560, 64206
560, 64212
560, 64230
560, 71644
560, 71648
560, 71658
560, 71700
560, 71702
560, 71708
560, 71714
560, 71718
560, 74420
560, 74426
560, 74428
560, 74432
560, 74442
560, 74448
560, 74452
560, 74512
560, 74800
560, 82716
560, 82718
560, 82720
560, 82722
560, 82726
560, 82728
560, 82730
560, 82736
560, 82740
560, 82742
560, 82746
560, 82752
560, 82844
560, 82906
560, 90532
560, 90536
560, 90538
560, 90542
560, 90634
560, 94828
560, 94836
560, 94952
560, 102728
560, 102736
560, 102814
560, 110730
560, 110742
560, 110746
560, 114644
560, 114650
560, 114708
560, 122836
560, 130340
560, 130344
560, 130346
560, 130818
560, 134618
560, 134620
560, 134630
560, 134638
560, 134814
560, 142816
560, 142818
560, 150828
560, 150834
560, 154722
560, 154732
560, 154734
560, 162830
560, 162850
560, 162900
560, 170856
560, 170902
560, 170908
560, 174822
560, 174826
560, 174828
560, 174838
560, 174842
560, 174856
560, 182852
560, 182854
560, 182858
560, 182900
560, 182904
560, 182910
560, 182916
560, 190850
560, 194712
560, 194714
560, 194716
560, 194718
560, 194722
560, 194726
560, 194732
560, 194734
560, 194738
560, 194740
560, 202834
560, 205604
560, 205610
560, 205614
560, 205828
560, 205908
560, 210250
560, 210308
560, 220326
560, 220330
560, 220332
560, 223138
560, 223144
560, 225620
560, 225626
565, 62226
565, 65558
565, 65600
565, 72548
565, 72550
565, 72554
565, 72554
565, 72556
565, 72600
565, 72602
565, 72616
565, 72622
565, 75438
565, 75440
565, 83750
565, 111812
565, 123632
565, 123634
565, 131740
565, 135928
565, 135930
565, 135936
565, 143912
565, 143914
565, 151600
565, 151602
565, 160314
565, 163926
565, 163930
565, 163938
565, 171338
565, 171340
565, 171342
565, 171346
565, 180104
565, 180106
565, 180108
565, 180110
565, 183940
565, 183944
565, 183946
565, 191918
565, 191920
565, 191926
565, 191936
565, 191938
565, 195738
565, 195740
565, 195744
565, 195746
565, 195748
565, 203722
605, 65756
605, 65756
605, 73016
605, 73020
605, 73024
605, 80548
605, 80550
605, 92612
605, 92614
605, 104238
605, 104240
605, 112838
605, 112846
605, 124234
605, 124236
605, 140552
605, 160126
605, 160130
605, 172606
605, 184302
605, 192846
605, 200558
605, 200604
605, 204102
605, 204110
605, 224858
